{
  "task": "in-hospital mortality, features=first 48h LABEVENTS",
  "model": "Transformer",
  "window_hours": 48,
  "metrics": {
    "auc": 0.8104714725563221,
    "auprc": 0.348210115697126,
    "f1": 0.2351313969571231
  }
}